true_label,predicted_label,confidence,correct,person_cosine,title_cosine,title_cosine_squared,provision_cosine,subjects_cosine,composite_cosine,low_composite_penalty,person_levenshtein,person_title_harmonic,person_provision_harmonic,person_subjects_harmonic,title_subjects_harmonic,title_provision_harmonic,provision_subjects_harmonic,person_subjects_product,composite_subjects_ratio,title_subjects_product,title_subjects_ratio,birth_death_left,birth_death_right,birth_death_match,person_levenshtein_birth_death_match_product,person_cosine_birth_death_match_product,pair_id,left_id,right_id,person_cosine_raw,person_cosine_norm,person_cosine_std,title_cosine_raw,title_cosine_norm,title_cosine_std,title_cosine_squared_raw,title_cosine_squared_norm,title_cosine_squared_std,provision_cosine_raw,provision_cosine_norm,provision_cosine_std,subjects_cosine_raw,subjects_cosine_norm,subjects_cosine_std,composite_cosine_raw,composite_cosine_norm,composite_cosine_std,person_cosine_birth_death_match_product_raw,person_cosine_birth_death_match_product_norm,person_cosine_birth_death_match_product_std
1,0,0.3793221908437304,False,0.8031602756702385,-0.5246704888340712,-0.5146490311551066,-0.7642679244618886,0.1885460476009852,-0.7466275154726907,1.2551262928052995,-0.0356756777714613,0.1748996069554543,-0.0082556893089159,0.4793115709361819,0.2384373484553631,-0.5553912187062842,0.1702809747693627,0.4407161430002379,0.4592408701793649,-0.008518725999936,0.5261752619080637,0.4817193186180085,-2.1898258762512173,-0.7855739400034005,-0.64701035396802,-0.6176449520128197,6593516#Agent700-48_16043945#Agent700-50,6593516#Agent700-48,16043945#Agent700-50,0.8031602756702385,0.9015801378351193,0.8031602756702385,-0.5246704888340712,0.2376647555829644,-0.5246704888340712,-0.5146490311551066,0.24267548442244669,-0.5146490311551066,-0.7642679244618886,0.11786603776905569,-0.7642679244618886,0.1885460476009852,0.5942730238004926,0.1885460476009852,-0.7466275154726907,0.12668624226365466,-0.7466275154726907,-0.6176449520128197,0.19117752399359017,-0.6176449520128197
0,1,0.9765691098832496,False,1.028094776785446,-0.873670251109385,-0.7918406621042243,-0.3289890603459374,0.1657360561680659,-0.1168026425589238,-0.7967325724369118,1.1174578483174302,0.0437035434528241,0.3522709764838125,0.5016690201409477,0.1618253245374026,-0.4918009770122312,0.2531709393932482,0.506199435938341,0.7046693918098249,-0.1196285574459625,0.4222440407415244,-2.075897646927865,-2.1898258762512173,-0.7855739400034005,-0.4094585024019925,-0.5916077836102752,16044091#Agent700-32_14704123#Agent700-23,16044091#Agent700-32,14704123#Agent700-23,1.028094776785446,1.0,1.028094776785446,-0.873670251109385,0.0631648744453075,-0.873670251109385,-0.7918406621042243,0.10407966894788784,-0.7918406621042243,-0.3289890603459374,0.33550546982703133,-0.3289890603459374,0.1657360561680659,0.5828680280840329,0.1657360561680659,-0.1168026425589238,0.4415986787205381,-0.1168026425589238,-0.5916077836102752,0.2041961081948624,-0.5916077836102752
0,1,0.9754018667532744,False,1.028094776785446,-0.6370747595687444,-0.6057114877524843,-0.3168683350579706,-0.0852592684595264,-0.2230877118375019,-0.7967325724369118,1.1174578483174302,0.2007974758901353,0.359851418865977,0.3105694345763915,0.0687926178499,-0.3758253590144358,0.1096452873875811,0.257423854599591,0.9486226875530928,-0.247628830583646,0.795562216419984,-2.075897646927865,-2.1898258762512173,-0.7855739400034005,-0.4094585024019925,-0.5916077836102752,16044091#Agent700-32_53144#Agent700-22,16044091#Agent700-32,53144#Agent700-22,1.028094776785446,1.0,1.028094776785446,-0.6370747595687444,0.1814626202156278,-0.6370747595687444,-0.6057114877524843,0.19714425612375786,-0.6057114877524843,-0.3168683350579706,0.3415658324710147,-0.3168683350579706,-0.0852592684595264,0.4573703657702368,-0.0852592684595264,-0.2230877118375019,0.38845614408124907,-0.2230877118375019,-0.5916077836102752,0.2041961081948624,-0.5916077836102752
0,1,0.567780086088679,False,-0.3771007139554684,0.9843258254027962,0.8721357670847132,0.7673707462256716,1.6617183399808173,0.3838789874653918,-0.7967325724369118,-1.0970826733760088,0.2393889574716428,0.1974090530643328,0.8697692696684759,1.2017742357451255,0.8855343288141162,1.2092264922126876,1.0563871846925823,-0.195407698566279,1.8272529122853511,-0.0827864519259126,-2.075897646927865,-2.1898258762512173,-0.7855739400034005,-0.8656660355231135,-0.7542654081610681,16044091#Agent700-32_16044349#Agent700-32,16044091#Agent700-32,16044349#Agent700-32,-0.3771007139554684,0.3114496430222658,-0.3771007139554684,0.9843258254027962,0.9921629127013981,0.9843258254027962,0.8721357670847132,0.9360678835423566,0.8721357670847132,0.7673707462256716,0.8836853731128358,0.7673707462256716,1.6617183399808173,1.0,1.6617183399808173,0.3838789874653918,0.6919394937326959,0.3838789874653918,-0.7542654081610681,0.12286729591946594,-0.7542654081610681
0,1,0.9854560105430348,False,1.028094776785446,-0.5087761596398355,-0.5016355690525683,-0.6658532750094325,0.461452493049512,0.0439847675233945,-0.7967325724369118,1.1174578483174302,0.2841023189901052,0.1355324282122773,0.7062612381462824,0.374517506189704,-0.4960414909380535,0.3226820970752187,0.7993006265910302,0.4771470694818725,0.2082641826505951,0.276078203323823,-2.075897646927865,-2.1898258762512173,-0.7855739400034005,-0.4094585024019925,-0.5916077836102752,16044224#Agent700-39_1605973#Agent700-17,16044224#Agent700-39,1605973#Agent700-17,1.028094776785446,1.0,1.028094776785446,-0.5087761596398355,0.24561192018008227,-0.5087761596398355,-0.5016355690525683,0.24918221547371583,-0.5016355690525683,-0.6658532750094325,0.16707336249528376,-0.6658532750094325,0.461452493049512,0.730726246524756,0.461452493049512,0.0439847675233945,0.5219923837616972,0.0439847675233945,-0.5916077836102752,0.2041961081948624,-0.5916077836102752
0,1,0.7662644328961716,False,0.8031602756702385,-1.0524856668146785,-0.9275263027895294,-0.0327087047369169,0.0486268739520662,0.1064199973714668,-0.7967325724369118,-0.0356756777714613,-0.166279653208881,0.4397460409754358,0.3789685197979451,0.0695615620992329,-0.4498823569506652,0.2429844235679772,0.3078458333416329,0.9073724337618302,-0.2505406467134494,0.4774664986830154,0.4817193186180085,-2.1898258762512173,-0.7855739400034005,-0.64701035396802,-0.6176449520128197,1119397#Agent100-16_14703468#Agent700-23,1119397#Agent100-16,14703468#Agent700-23,0.8031602756702385,0.9015801378351193,0.8031602756702385,-1.0524856668146785,0.0,-1.0524856668146785,-0.9275263027895294,0.036236848605235294,-0.9275263027895294,-0.0327087047369169,0.48364564763154155,-0.0327087047369169,0.0486268739520662,0.524313436976033,0.0486268739520662,0.1064199973714668,0.5532099986857334,0.1064199973714668,-0.6176449520128197,0.19117752399359017,-0.6176449520128197
0,1,0.6671180748326221,False,0.8031602756702385,-1.4590521007408714,-1.2200484501079942,-0.4437247437359574,0.0255221454564566,-0.079310104115665,-0.7967325724369118,-0.0356756777714613,-0.4453178858084137,0.1947438942301117,0.3618988625399252,-0.0198504178056245,-0.8306093180028068,0.151593673578086,0.2859050774771609,0.8696242773261946,-0.3684583734405474,0.3415092887468047,0.4817193186180085,-2.1898258762512173,-0.7855739400034005,-0.64701035396802,-0.6176449520128197,1119397#Agent700-49_53144#Agent700-22,1119397#Agent700-49,53144#Agent700-22,0.8031602756702385,0.9015801378351193,0.8031602756702385,-1.4590521007408714,0.0,-1.4590521007408714,-1.2200484501079942,0.0,-1.2200484501079942,-0.4437247437359574,0.2781376281320213,-0.4437247437359574,0.0255221454564566,0.5127610727282284,0.0255221454564566,-0.079310104115665,0.4603449479421675,-0.079310104115665,-0.6176449520128197,0.19117752399359017,-0.6176449520128197
0,1,0.712124141935638,False,-0.3771007139554684,1.6873569135095985,1.6226568013991864,1.323878417585988,1.6617183399808173,0.7150322592208778,-0.7967325724369118,-1.0970826733760088,0.5149358628251629,0.4068916981505772,0.8697692696684759,1.3650230789119178,1.4749286737642988,1.3626698247911566,1.0563871846925823,-0.1144050473895738,2.1495372891360844,0.0807056436917417,-2.075897646927865,-2.1898258762512173,-0.7855739400034005,-0.8656660355231135,-0.7542654081610681,16044379#Agent700-34_16044366#Agent700-32,16044379#Agent700-34,16044366#Agent700-32,-0.3771007139554684,0.3114496430222658,-0.3771007139554684,1.6873569135095985,1.0,1.6873569135095985,1.6226568013991864,1.0,1.6226568013991864,1.323878417585988,1.0,1.323878417585988,1.6617183399808173,1.0,1.6617183399808173,0.7150322592208778,0.8575161296104389,0.7150322592208778,-0.7542654081610681,0.12286729591946594,-0.7542654081610681
0,1,0.7750071390551768,False,0.8031602756702385,-1.0616842921902014,-0.9343901106755202,-0.6477309055607465,0.2472930645164505,0.1463070479049508,-0.7967325724369118,-0.0356756777714613,-0.1724313286393017,0.0668191334896648,0.5199535366938339,0.163444332175941,-0.729493145924743,0.2261757034196751,0.4965035960383974,0.7101493864033845,-0.1121951299735106,0.2735860796539769,0.4817193186180085,-2.1898258762512173,-0.7855739400034005,-0.64701035396802,-0.6176449520128197,4183202#Agent100-19_1605973#Agent700-17,4183202#Agent100-19,1605973#Agent700-17,0.8031602756702385,0.9015801378351193,0.8031602756702385,-1.0616842921902014,0.0,-1.0616842921902014,-0.9343901106755202,0.03280494466223988,-0.9343901106755202,-0.6477309055607465,0.17613454721962674,-0.6477309055607465,0.2472930645164505,0.6236465322582252,0.2472930645164505,0.1463070479049508,0.5731535239524754,0.1463070479049508,-0.6176449520128197,0.19117752399359017,-0.6176449520128197
0,1,0.6869095663604906,False,0.8031602756702385,-1.2327471382279132,-1.059962711091566,-0.6143199986195051,0.0413569945006911,-0.1495590741435458,-0.7967325724369118,-0.0356756777714613,-0.2881745972408565,0.0880710050360896,0.3736132689560601,0.0318869168593235,-0.7939083617788817,0.1261214966958331,0.3009421967013205,0.8272570402477625,-0.3010770935428923,0.4148213910994293,0.4817193186180085,-2.1898258762512173,-0.7855739400034005,-0.64701035396802,-0.6176449520128197,10119532#Hub240-10-Agent_53144#Agent700-22,10119532#Hub240-10-Agent,53144#Agent700-22,0.8031602756702385,0.9015801378351193,0.8031602756702385,-1.2327471382279132,0.0,-1.2327471382279132,-1.059962711091566,0.0,-1.059962711091566,-0.6143199986195051,0.19284000069024743,-0.6143199986195051,0.0413569945006911,0.5206784972503455,0.0413569945006911,-0.1495590741435458,0.4252204629282271,-0.1495590741435458,-0.6176449520128197,0.19117752399359017,-0.6176449520128197
0,1,0.9851605331221234,False,1.028094776785446,-0.5087761596398355,-0.5016355690525683,-0.6658532750094325,0.461452493049512,0.0180906881737361,-0.7967325724369118,1.1174578483174302,0.2841023189901052,0.1355324282122773,0.7062612381462824,0.374517506189704,-0.4960414909380535,0.3226820970752187,0.7993006265910302,0.4688400720513501,0.2082641826505951,0.276078203323823,-2.075897646927865,-2.1898258762512173,-0.7855739400034005,-0.4094585024019925,-0.5916077836102752,16044224#Agent700-39_1484712#Agent700-20,16044224#Agent700-39,1484712#Agent700-20,1.028094776785446,1.0,1.028094776785446,-0.5087761596398355,0.24561192018008227,-0.5087761596398355,-0.5016355690525683,0.24918221547371583,-0.5016355690525683,-0.6658532750094325,0.16707336249528376,-0.6658532750094325,0.461452493049512,0.730726246524756,0.461452493049512,0.0180906881737361,0.5090453440868681,0.0180906881737361,-0.5916077836102752,0.2041961081948624,-0.5916077836102752
0,1,0.9722401300999804,False,1.028094776785446,-0.8837755670153711,-0.7996230871608169,-0.5222465534609414,0.461452493049512,-0.4805662198986423,-0.7967325724369118,1.1174578483174302,0.0368912743390047,0.2293835280184398,0.7062612381462824,0.2956843971408028,-0.5876183763813304,0.3585118363026808,0.7993006265910302,0.3053506921332561,0.0937657595607069,0.1495747158811482,-2.075897646927865,-2.1898258762512173,-0.7855739400034005,-0.4094585024019925,-0.5916077836102752,16044432#Agent700-33_14703468#Agent700-23,16044432#Agent700-33,14703468#Agent700-23,1.028094776785446,1.0,1.028094776785446,-0.8837755670153711,0.05811221649231446,-0.8837755670153711,-0.7996230871608169,0.10018845641959157,-0.7996230871608169,-0.5222465534609414,0.2388767232695293,-0.5222465534609414,0.461452493049512,0.730726246524756,0.461452493049512,-0.4805662198986423,0.2597168900506789,-0.4805662198986423,-0.5916077836102752,0.2041961081948624,-0.5916077836102752
0,1,0.8899718759350443,False,0.8031602756702385,-0.4128044768262173,-0.4223379476444772,1.185109320122761,0.3173910954198065,0.3979229486889217,-0.7967325724369118,-0.0356756777714613,0.2443495595900247,1.0791689431428202,0.567350794674963,0.3246198428140167,0.3733920314801689,0.6241268747758797,0.5630702203950967,0.7226408723712318,0.1236384679527731,0.4381138762821117,0.4817193186180085,-2.1898258762512173,-0.7855739400034005,-0.64701035396802,-0.6176449520128197,9356808#Agent700-22_14704123#Agent700-23,9356808#Agent700-22,14704123#Agent700-23,0.8031602756702385,0.9015801378351193,0.8031602756702385,-0.4128044768262173,0.2935977615868913,-0.4128044768262173,-0.4223379476444772,0.2888310261777614,-0.4223379476444772,1.185109320122761,1.0,1.185109320122761,0.3173910954198065,0.6586955477099032,0.3173910954198065,0.3979229486889217,0.6989614743444609,0.3979229486889217,-0.6176449520128197,0.19117752399359017,-0.6176449520128197
0,1,0.7965416989717795,False,0.8031602756702385,-0.892809963467622,-0.806569151708128,-0.4943663687025575,0.1808653595894732,0.176673738512621,-0.7967325724369118,-0.0356756777714613,-0.0606440482122341,0.1633946040663031,0.4739344480069663,0.1655763180191536,-0.5784062450015152,0.226408255855358,0.4334223935599973,0.7878645141991176,-0.1137120647830271,0.3999371414735541,0.4817193186180085,-2.1898258762512173,-0.7855739400034005,-0.64701035396802,-0.6176449520128197,8917889#Agent700-30_1484712#Agent700-20,8917889#Agent700-30,1484712#Agent700-20,0.8031602756702385,0.9015801378351193,0.8031602756702385,-0.892809963467622,0.05359501826618901,-0.892809963467622,-0.806569151708128,0.09671542414593598,-0.806569151708128,-0.4943663687025575,0.25281681564872127,-0.4943663687025575,0.1808653595894732,0.5904326797947366,0.1808653595894732,0.176673738512621,0.5883368692563105,0.176673738512621,-0.6176449520128197,0.19117752399359017,-0.6176449520128197
0,1,0.9807958357392996,False,1.028094776785446,-0.7234283962125131,-0.6745169183999057,-0.2706542906485204,0.1657360561680659,-0.0022089000607444,-0.7967325724369118,1.1174578483174302,0.1439892148743565,0.3886196408396463,0.5016690201409477,0.1901531921110858,-0.3938575547862524,0.2651401363312413,0.506199435938341,0.7436993910179303,-0.0794221028226244,0.4775902601512976,-2.075897646927865,-2.1898258762512173,-0.7855739400034005,-0.4094585024019925,-0.5916077836102752,16044091#Agent700-32_1605973#Agent700-17,16044091#Agent700-32,1605973#Agent700-17,1.028094776785446,1.0,1.028094776785446,-0.7234283962125131,0.13828580189374345,-0.7234283962125131,-0.6745169183999057,0.16274154080004716,-0.6745169183999057,-0.2706542906485204,0.3646728546757398,-0.2706542906485204,0.1657360561680659,0.5828680280840329,0.1657360561680659,-0.0022089000607444,0.4988955499696278,-0.0022089000607444,-0.5916077836102752,0.2041961081948624,-0.5916077836102752
0,1,0.5529604029884913,False,-0.3771007139554684,0.844664943723948,0.7309437779950954,1.3914669340963262,1.6617183399808173,0.4070891056019445,-0.7967325724369118,-1.0970826733760088,0.1816035946233377,0.4310343105452371,0.8697692696684759,1.1678143374214651,1.1155261425791183,1.3804860927168343,1.0563871846925823,-0.1896935096741541,1.7632293989816925,-0.115737618535091,-2.075897646927865,-2.1898258762512173,-0.7855739400034005,-0.8656660355231135,-0.7542654081610681,16044379#Agent700-34_16044349#Agent700-32,16044379#Agent700-34,16044349#Agent700-32,-0.3771007139554684,0.3114496430222658,-0.3771007139554684,0.844664943723948,0.922332471861974,0.844664943723948,0.7309437779950954,0.8654718889975477,0.7309437779950954,1.3914669340963262,1.0,1.3914669340963262,1.6617183399808173,1.0,1.6617183399808173,0.4070891056019445,0.7035445528009723,0.4070891056019445,-0.7542654081610681,0.12286729591946594,-0.7542654081610681
0,1,0.6020120165005471,False,-0.3771007139554684,1.2383351641022595,1.1356446015948216,0.0183109552676961,1.6617183399808173,0.3907457978326649,-0.7967325724369118,-1.0970826733760088,0.341823280888073,-0.1184912743258614,0.8697692696684759,1.2622074539203705,0.578949441488429,0.981654011540774,1.0563871846925823,-0.1937165594002978,1.9436961860209032,-0.0232528228321726,-2.075897646927865,-2.1898258762512173,-0.7855739400034005,-0.8656660355231135,-0.7542654081610681,16044093#Agent700-33_16044363#Agent700-33,16044093#Agent700-33,16044363#Agent700-33,-0.3771007139554684,0.3114496430222658,-0.3771007139554684,1.2383351641022595,1.0,1.2383351641022595,1.1356446015948216,1.0,1.1356446015948216,0.0183109552676961,0.509155477633848,0.0183109552676961,1.6617183399808173,1.0,1.6617183399808173,0.3907457978326649,0.6953728989163325,0.3907457978326649,-0.7542654081610681,0.12286729591946594,-0.7542654081610681
0,1,0.7983259622368104,False,0.8031602756702385,-0.892809963467622,-0.806569151708128,-0.4943663687025575,0.1808653595894732,0.1906968349500111,-0.7967325724369118,-0.0356756777714613,-0.0606440482122341,0.1633946040663031,0.4739344480069663,0.1655763180191536,-0.5784062450015152,0.226408255855358,0.4334223935599973,0.7925080379894353,-0.1137120647830271,0.3999371414735541,0.4817193186180085,-2.1898258762512173,-0.7855739400034005,-0.64701035396802,-0.6176449520128197,8917889#Agent700-30_1605973#Agent700-17,8917889#Agent700-30,1605973#Agent700-17,0.8031602756702385,0.9015801378351193,0.8031602756702385,-0.892809963467622,0.05359501826618901,-0.892809963467622,-0.806569151708128,0.09671542414593598,-0.806569151708128,-0.4943663687025575,0.25281681564872127,-0.4943663687025575,0.1808653595894732,0.5904326797947366,0.1808653595894732,0.1906968349500111,0.5953484174750056,0.1906968349500111,-0.6176449520128197,0.19117752399359017,-0.6176449520128197
0,1,0.7160886565428419,False,0.8031602756702385,-0.8862834777088705,-0.8015523847561777,-0.5037941568423417,0.027646190631218,-0.2880562610971907,-0.7967325724369118,-0.0356756777714613,-0.0563720745274493,0.1575291438524075,0.3634741894201295,0.0890515114746399,-0.5799098805358239,0.1409031828850349,0.2879221172633417,0.7936799995857982,-0.2238707880964566,0.5649497151516123,0.4817193186180085,-2.1898258762512173,-0.7855739400034005,-0.64701035396802,-0.6176449520128197,11985379#Agent700-29_53144#Agent700-22,11985379#Agent700-29,53144#Agent700-22,0.8031602756702385,0.9015801378351193,0.8031602756702385,-0.8862834777088705,0.05685826114556475,-0.8862834777088705,-0.8015523847561777,0.09922380762191113,-0.8015523847561777,-0.5037941568423417,0.24810292157882913,-0.5037941568423417,0.027646190631218,0.513823095315609,0.027646190631218,-0.2880562610971907,0.3559718694514047,-0.2880562610971907,-0.6176449520128197,0.19117752399359017,-0.6176449520128197
0,1,0.7902772935301483,False,0.8031602756702385,-0.881982012698397,-0.798242815012495,-0.6350309730612467,0.2282502789184787,0.1111145718044324,-0.7967325724369118,-0.0356756777714613,-0.0535584508886802,0.0749113743257959,0.506872820676314,0.1905702694931872,-0.641786400472795,0.2195995518330961,0.4784201500518333,0.717616287503907,-0.07615550183888,0.3573403446476582,0.4817193186180085,-2.1898258762512173,-0.7855739400034005,-0.64701035396802,-0.6176449520128197,10119532#Hub240-10-Agent_14704123#Agent700-23,10119532#Hub240-10-Agent,14704123#Agent700-23,0.8031602756702385,0.9015801378351193,0.8031602756702385,-0.881982012698397,0.05900899365080148,-0.881982012698397,-0.798242815012495,0.10087859249375247,-0.798242815012495,-0.6350309730612467,0.18248451346937666,-0.6350309730612467,0.2282502789184787,0.6141251394592393,0.2282502789184787,0.1111145718044324,0.5555572859022162,0.1111145718044324,-0.6176449520128197,0.19117752399359017,-0.6176449520128197
1,0,0.2594542508934325,False,0.6214099372858569,-0.6785376000234897,-0.6388735156200757,-0.0463820711494138,0.1290935022948061,-0.8434689427450688,1.2551262928052995,-0.0818010188150166,-0.0035689897863447,0.3528454529355829,0.4054400262103024,0.1796065049871416,-0.2693709310567622,0.2885000292689617,0.3150746970728413,0.4828149562134067,-0.0951450465984863,0.5323729643022745,0.4817193186180085,-2.1898258762512173,-0.7855739400034005,-0.656512428030661,-0.6386833616132651,8165559#Agent700-27_11025388#Agent600-21,8165559#Agent700-27,11025388#Agent600-21,0.6214099372858569,0.8107049686429284,0.6214099372858569,-0.6785376000234897,0.16073119998825514,-0.6785376000234897,-0.6388735156200757,0.18056324218996217,-0.6388735156200757,-0.0463820711494138,0.4768089644252931,-0.0463820711494138,0.1290935022948061,0.564546751147403,0.1290935022948061,-0.8434689427450688,0.07826552862746561,-0.8434689427450688,-0.6386833616132651,0.18065831919336744,-0.6386833616132651
0,1,0.9747204963822091,False,1.028094776785446,-0.9804521107111108,-0.8733835515843167,-0.7097547506230889,0.461452493049512,-0.2399033022962388,-0.7967325724369118,1.1174578483174302,-0.0287148617616911,0.1063965523037158,0.7062612381462824,0.2745979456948403,-0.7227594186247589,0.3115142485894263,0.7993006265910302,0.3850851511357033,0.0642475481042881,0.1165188798391059,-2.075897646927865,-2.1898258762512173,-0.7855739400034005,-0.4094585024019925,-0.5916077836102752,16044432#Agent700-33_14704123#Agent700-23,16044432#Agent700-33,14704123#Agent700-23,1.028094776785446,1.0,1.028094776785446,-0.9804521107111108,0.009773944644444588,-0.9804521107111108,-0.8733835515843167,0.06330822420784166,-0.8733835515843167,-0.7097547506230889,0.14512262468845555,-0.7097547506230889,0.461452493049512,0.730726246524756,0.461452493049512,-0.2399033022962388,0.3800483488518806,-0.2399033022962388,-0.5916077836102752,0.2041961081948624,-0.5916077836102752
1,0,0.4395083922566306,False,0.7348823083745929,-0.595195912383922,-0.5719823647042664,-5.274169392908619,0.0845577474399882,-0.450080415477705,-0.7967325724369118,-0.1860843985656644,0.099953608358789,-4.778005629959898,0.3937440304850872,0.1709118432639716,-5.497713173553332,-1.917225879291772,0.3165377787893091,0.6731717805524554,-0.1074157041393153,0.6114244029940444,0.4817193186180085,-2.1898258762512173,-0.7855739400034005,-0.6779953780853278,-0.6255484302424649,1931035#Agent100-11_10810385#Agent700-168,1931035#Agent100-11,10810385#Agent700-168,0.7348823083745929,0.8674411541872964,0.7348823083745929,-0.595195912383922,0.202402043808039,-0.595195912383922,-0.5719823647042664,0.21400881764786678,-0.5719823647042664,-3.0,0.0,-5.274169392908619,0.0845577474399882,0.5422788737199941,0.0845577474399882,-0.450080415477705,0.27495979226114753,-0.450080415477705,-0.6255484302424649,0.18722578487876756,-0.6255484302424649
0,1,0.9789221947808852,False,1.028094776785446,-0.8056804484789136,-0.7391230060492001,-0.5151489770775105,0.3520684166583646,-0.1277300664702793,-0.7967325724369118,1.1174578483174302,0.0893165880551445,0.233965090035095,0.632982319092073,0.263744138689035,-0.5486227182057326,0.3083517058091987,0.6908839171013808,0.5190136182907582,0.0365871191693018,0.269790563392968,-2.075897646927865,-2.1898258762512173,-0.7855739400034005,-0.4094585024019925,-0.5916077836102752,16044432#Agent700-33_53144#Agent700-22,16044432#Agent700-33,53144#Agent700-22,1.028094776785446,1.0,1.028094776785446,-0.8056804484789136,0.09715977576054319,-0.8056804484789136,-0.7391230060492001,0.13043849697539994,-0.7391230060492001,-0.5151489770775105,0.24242551146124475,-0.5151489770775105,0.3520684166583646,0.6760342083291823,0.3520684166583646,-0.1277300664702793,0.43613496676486035,-0.1277300664702793,-0.5916077836102752,0.2041961081948624,-0.5916077836102752
0,1,0.7130127347438463,False,0.8031602756702385,-1.4444203887277884,-1.209906106488548,-0.7428271152998533,0.0486268739520662,0.2159853783218367,-0.7967325724369118,-0.0356756777714613,-0.4350157701356092,0.0056686640463172,0.3789685197979451,-0.0060360072282304,-0.9539555889419208,0.1031217439153056,0.3078458333416329,0.9443252015974836,-0.3495725527538623,0.3230762506083584,0.4817193186180085,-2.1898258762512173,-0.7855739400034005,-0.64701035396802,-0.6176449520128197,1119397#Agent100-16_14704123#Agent700-23,1119397#Agent100-16,14704123#Agent700-23,0.8031602756702385,0.9015801378351193,0.8031602756702385,-1.4444203887277884,0.0,-1.4444203887277884,-1.209906106488548,0.0,-1.209906106488548,-0.7428271152998533,0.12858644235007333,-0.7428271152998533,0.0486268739520662,0.524313436976033,0.0486268739520662,0.2159853783218367,0.6079926891609183,0.2159853783218367,-0.6176449520128197,0.19117752399359017,-0.6176449520128197
0,1,0.7949056958220324,False,0.8031602756702385,-1.2744963759968997,-1.090013079896872,-0.0068394576660693,0.14344449013306,0.4515018225691467,-0.7967325724369118,-0.0356756777714613,-0.3168152900253141,0.4546264583208272,0.4475226381900813,0.0723476115524013,-0.5556585063744568,0.3044559136585235,0.3978867169068194,0.9173658223727466,-0.2420731901502366,0.2934436160524247,0.4817193186180085,-2.1898258762512173,-0.7855739400034005,-0.64701035396802,-0.6176449520128197,7732682#Hub240-13-Agent_1605973#Agent700-17,7732682#Hub240-13-Agent,1605973#Agent700-17,0.8031602756702385,0.9015801378351193,0.8031602756702385,-1.2744963759968997,0.0,-1.2744963759968997,-1.090013079896872,0.0,-1.090013079896872,-0.0068394576660693,0.49658027116696535,-0.0068394576660693,0.14344449013306,0.57172224506653,0.14344449013306,0.4515018225691467,0.7257509112845734,0.4515018225691467,-0.6176449520128197,0.19117752399359017,-0.6176449520128197
0,1,0.7229505691082416,False,0.8031602756702385,-1.5110498492487223,-1.255859364408887,-0.6076553611990723,0.0486268739520662,0.3153900862637165,-0.7967325724369118,-0.0356756777714613,-0.482091067866945,0.0922959148126587,0.3789685197979451,-0.0194314197680509,-0.926831773540054,0.1314813798949754,0.3078458333416329,0.9774294748677872,-0.3664081177214779,0.2963756957019572,0.4817193186180085,-2.1898258762512173,-0.7855739400034005,-0.64701035396802,-0.6176449520128197,1119397#Agent100-16_1484712#Agent700-20,1119397#Agent100-16,1484712#Agent700-20,0.8031602756702385,0.9015801378351193,0.8031602756702385,-1.5110498492487223,0.0,-1.5110498492487223,-1.255859364408887,0.0,-1.255859364408887,-0.6076553611990723,0.19617231940046387,-0.6076553611990723,0.0486268739520662,0.524313436976033,0.0486268739520662,0.3153900862637165,0.6576950431318582,0.3153900862637165,-0.6176449520128197,0.19117752399359017,-0.6176449520128197
0,1,0.5927335728406363,False,-0.3771007139554684,1.2383351641022595,1.1356446015948216,0.0183109552676961,1.6617183399808173,0.3420796272161036,-0.7967325724369118,-1.0970826733760088,0.341823280888073,-0.1184912743258614,0.8697692696684759,1.2622074539203705,0.578949441488429,0.981654011540774,1.0563871846925823,-0.2057122870282869,1.9436961860209032,-0.0232528228321726,-2.075897646927865,-2.1898258762512173,-0.7855739400034005,-0.8656660355231135,-0.7542654081610681,16044093#Agent700-33_16044363#Agent700-32,16044093#Agent700-33,16044363#Agent700-32,-0.3771007139554684,0.3114496430222658,-0.3771007139554684,1.2383351641022595,1.0,1.2383351641022595,1.1356446015948216,1.0,1.1356446015948216,0.0183109552676961,0.509155477633848,0.0183109552676961,1.6617183399808173,1.0,1.6617183399808173,0.3420796272161036,0.6710398136080518,0.3420796272161036,-0.7542654081610681,0.12286729591946594,-0.7542654081610681
0,1,0.7155848547661966,False,0.8031602756702385,-1.146112712343352,-0.9968578929772196,-0.6895312463695294,0.2472930645164505,-0.1706522407135767,-0.7967325724369118,-0.0356756777714613,-0.2292361069367223,0.0400613922342142,0.5199535366938339,0.1460626999845914,-0.7883824866510765,0.2165151642816684,0.4965035960383974,0.6041038978837878,-0.1356674114219482,0.2425497373058433,0.4817193186180085,-2.1898258762512173,-0.7855739400034005,-0.64701035396802,-0.6176449520128197,9940747#Hub240-13-Agent_1484712#Agent700-20,9940747#Hub240-13-Agent,1484712#Agent700-20,0.8031602756702385,0.9015801378351193,0.8031602756702385,-1.146112712343352,0.0,-1.146112712343352,-0.9968578929772196,0.0015710535113901969,-0.9968578929772196,-0.6895312463695294,0.15523437681523528,-0.6895312463695294,0.2472930645164505,0.6236465322582252,0.2472930645164505,-0.1706522407135767,0.4146738796432117,-0.1706522407135767,-0.6176449520128197,0.19117752399359017,-0.6176449520128197
0,1,0.8679005040880619,False,0.8031602756702385,-0.3000712650795776,-0.3276110183856301,0.2602659462299664,0.1839363424149501,0.2177542447215188,-0.7967325724369118,-0.0356756777714613,0.3133726433224094,0.6047377217010632,0.4760861749477799,0.2761207247702654,0.0519690038682568,0.3786162797166592,0.4363386660645881,0.7982503146629795,0.0485282652646416,0.6109342201275015,0.4817193186180085,-2.1898258762512173,-0.7855739400034005,-0.64701035396802,-0.6176449520128197,12328111#Agent100-17_14704123#Agent700-23,12328111#Agent100-17,14704123#Agent700-23,0.8031602756702385,0.9015801378351193,0.8031602756702385,-0.3000712650795776,0.3499643674602112,-0.3000712650795776,-0.3276110183856301,0.33619449080718494,-0.3276110183856301,0.2602659462299664,0.6301329731149832,0.2602659462299664,0.1839363424149501,0.591968171207475,0.1839363424149501,0.2177542447215188,0.6088771223607594,0.2177542447215188,-0.6176449520128197,0.19117752399359017,-0.6176449520128197
0,1,0.6857392035215928,False,0.8031602756702385,-1.4590521007408714,-1.2200484501079942,-0.4437247437359574,0.0255221454564566,0.0288401785702701,-0.7967325724369118,-0.0356756777714613,-0.4453178858084137,0.1947438942301117,0.3618988625399252,-0.0198504178056245,-0.8306093180028068,0.151593673578086,0.2859050774771609,0.907021581670878,-0.3684583734405474,0.3415092887468047,0.4817193186180085,-2.1898258762512173,-0.7855739400034005,-0.64701035396802,-0.6176449520128197,1119397#Agent100-16_53144#Agent700-22,1119397#Agent100-16,53144#Agent700-22,0.8031602756702385,0.9015801378351193,0.8031602756702385,-1.4590521007408714,0.0,-1.4590521007408714,-1.2200484501079942,0.0,-1.2200484501079942,-0.4437247437359574,0.2781376281320213,-0.4437247437359574,0.0255221454564566,0.5127610727282284,0.0255221454564566,0.0288401785702701,0.514420089285135,0.0288401785702701,-0.6176449520128197,0.19117752399359017,-0.6176449520128197
0,1,0.9573795559727108,False,1.028094776785446,-1.0386921582205788,-0.917212599853248,-0.9370029496116036,0.1657360561680659,-0.6479183307062789,-0.7967325724369118,1.1174578483174302,-0.0686205042928634,-0.0478676197598072,0.5016690201409477,0.1298687314998265,-0.8628538712998483,0.1188956034987426,0.506199435938341,0.5176112772701688,-0.1637903246490978,0.3607556317578059,-2.075897646927865,-2.1898258762512173,-0.7855739400034005,-0.4094585024019925,-0.5916077836102752,16044093#Agent700-33_14703468#Agent700-23,16044093#Agent700-33,14703468#Agent700-23,1.028094776785446,1.0,1.028094776785446,-1.0386921582205788,0.0,-1.0386921582205788,-0.917212599853248,0.041393700073376005,-0.917212599853248,-0.9370029496116036,0.03149852519419821,-0.9370029496116036,0.1657360561680659,0.5828680280840329,0.1657360561680659,-0.6479183307062789,0.17604083464686054,-0.6479183307062789,-0.5916077836102752,0.2041961081948624,-0.5916077836102752
0,1,0.7625007502208317,False,0.8031602756702385,-1.115216406102443,-0.974109074172134,-0.5938497513011699,0.2282502789184787,0.1076302786458975,-0.7967325724369118,-0.0356756777714613,-0.2083766500953746,0.1010326295346649,0.506872820676314,0.1437825501751279,-0.7288546126926019,0.2289222852591225,0.4784201500518333,0.7164613105877653,-0.1404314284986834,0.2717247219993062,0.4817193186180085,-2.1898258762512173,-0.7855739400034005,-0.64701035396802,-0.6176449520128197,10119532#Hub240-10-Agent_1484712#Agent700-20,10119532#Hub240-10-Agent,1484712#Agent700-20,0.8031602756702385,0.9015801378351193,0.8031602756702385,-1.115216406102443,0.0,-1.115216406102443,-0.974109074172134,0.012945462913933004,-0.974109074172134,-0.5938497513011699,0.20307512434941505,-0.5938497513011699,0.2282502789184787,0.6141251394592393,0.2282502789184787,0.1076302786458975,0.5538151393229488,0.1076302786458975,-0.6176449520128197,0.19117752399359017,-0.6176449520128197
0,1,0.8546749018748165,False,0.8031602756702385,-0.4502240459936897,-0.4534033903217316,0.1750946775270121,0.1839363424149501,0.2151557797959561,-0.7967325724369118,-0.0356756777714613,0.2212254976686762,0.5575600331140546,0.4760861749477799,0.2494916330211685,-0.0590697920553301,0.3627714908550511,0.4363386660645881,0.7973932603779088,0.0079970814285627,0.5576008931476363,0.4817193186180085,-2.1898258762512173,-0.7855739400034005,-0.64701035396802,-0.6176449520128197,12328111#Agent100-17_1484712#Agent700-20,12328111#Agent100-17,1484712#Agent700-20,0.8031602756702385,0.9015801378351193,0.8031602756702385,-0.4502240459936897,0.27488797700315515,-0.4502240459936897,-0.4534033903217316,0.2732983048391342,-0.4534033903217316,0.1750946775270121,0.5875473387635061,0.1750946775270121,0.1839363424149501,0.591968171207475,0.1839363424149501,0.2151557797959561,0.607577889897978,0.2151557797959561,-0.6176449520128197,0.19117752399359017,-0.6176449520128197
0,1,0.6601358315156436,False,-0.3771007139554684,1.5576731043342569,1.4792199110531197,0.5150848846370223,1.6617183399808173,0.4876845330836302,-0.7967325724369118,-1.0970826733760088,0.4659455563885852,0.0956719714916473,0.8697692696684759,1.3358388694901142,0.9893454163575442,1.1354391727941624,1.0563871846925823,-0.1698942143448098,2.090087477691395,0.0508516118434081,-2.075897646927865,-2.1898258762512173,-0.7855739400034005,-0.8656660355231135,-0.7542654081610681,16044093#Agent700-33_16044277#Agent700-33,16044093#Agent700-33,16044277#Agent700-33,-0.3771007139554684,0.3114496430222658,-0.3771007139554684,1.5576731043342569,1.0,1.5576731043342569,1.4792199110531197,1.0,1.4792199110531197,0.5150848846370223,0.7575424423185111,0.5150848846370223,1.6617183399808173,1.0,1.6617183399808173,0.4876845330836302,0.7438422665418151,0.4876845330836302,-0.7542654081610681,0.12286729591946594,-0.7542654081610681
0,1,0.7916946286927778,False,0.8031602756702385,-0.9032222189588228,-0.8145609815424324,-0.6339421717795309,0.14344449013306,0.1936393593282437,-0.7967325724369118,-0.0356756777714613,-0.0674668512605551,0.0756043378187942,0.4475226381900813,0.1451678573555869,-0.6507738494798747,0.1765337691924343,0.3978867169068194,0.8328867159120941,-0.1437715641200129,0.4339960514539787,0.4817193186180085,-2.1898258762512173,-0.7855739400034005,-0.64701035396802,-0.6176449520128197,7732682#Hub240-13-Agent_14703468#Agent700-23,7732682#Hub240-13-Agent,14703468#Agent700-23,0.8031602756702385,0.9015801378351193,0.8031602756702385,-0.9032222189588228,0.04838889052058859,-0.9032222189588228,-0.8145609815424324,0.0927195092287838,-0.8145609815424324,-0.6339421717795309,0.18302891411023453,-0.6339421717795309,0.14344449013306,0.57172224506653,0.14344449013306,0.1936393593282437,0.5968196796641219,0.1936393593282437,-0.6176449520128197,0.19117752399359017,-0.6176449520128197
0,1,0.9698596813641284,False,1.028094776785446,-1.031334873108031,-0.911700950131005,-0.3059508593815568,0.1657360561680659,-0.3072419971573246,-0.7967325724369118,1.1174578483174302,-0.0635633061631904,0.3666667437013761,0.5016690201409477,0.1313127430395931,-0.5572296513963128,0.2579157683972385,0.506199435938341,0.6387598399257407,-0.1618214302272894,0.3635124357944062,-2.075897646927865,-2.1898258762512173,-0.7855739400034005,-0.4094585024019925,-0.5916077836102752,16044091#Agent700-32_14703468#Agent700-23,16044091#Agent700-32,14703468#Agent700-23,1.028094776785446,1.0,1.028094776785446,-1.031334873108031,0.0,-1.031334873108031,-0.911700950131005,0.044149524934497475,-0.911700950131005,-0.3059508593815568,0.3470245703092216,-0.3059508593815568,0.1657360561680659,0.5828680280840329,0.1657360561680659,-0.3072419971573246,0.3463790014213377,-0.3072419971573246,-0.5916077836102752,0.2041961081948624,-0.5916077836102752
0,1,0.8311304386310923,False,0.8031602756702385,-0.5913633465224544,-0.5688838611125114,-0.0495336850606807,0.1532538438420562,0.1582183989296765,-0.7967325724369118,-0.0356756777714613,0.1330323209266553,0.4300348041854018,0.4544806966682823,0.2079866935910252,-0.22891062967823,0.3019763935422028,0.4072018938827462,0.8106886889791304,-0.053667053752757,0.5387903771930643,0.4817193186180085,-2.1898258762512173,-0.7855739400034005,-0.64701035396802,-0.6176449520128197,11312107-1ac7f12a-63e4-4edf-bda9-84281acf0a58#http://id.loc.gov/rwo/agents/n81100991_1484712#Agent700-20,11312107-1ac7f12a-63e4-4edf-bda9-84281acf0a58#http://id.loc.gov/rwo/agents/n81100991,1484712#Agent700-20,0.8031602756702385,0.9015801378351193,0.8031602756702385,-0.5913633465224544,0.20431832673877282,-0.5913633465224544,-0.5688838611125114,0.21555806944374428,-0.5688838611125114,-0.0495336850606807,0.47523315746965966,-0.0495336850606807,0.1532538438420562,0.576626921921028,0.1532538438420562,0.1582183989296765,0.5791091994648383,0.1582183989296765,-0.6176449520128197,0.19117752399359017,-0.6176449520128197
